<?xml version="1.0" encoding="UTF-8"?>
<GenRun Id="impl_1" LaunchPart="xc7a200tsbv484-3" LaunchTime="1716108095">
  <File Type="ROUTE-PWR" Name="trashold_full_power_routed.rpt"/>
  <File Type="PA-TCL" Name="trashold_full.tcl"/>
  <File Type="ROUTE-PWR-SUM" Name="trashold_full_power_summary_routed.pb"/>
  <File Type="REPORTS-TCL" Name="trashold_full_reports.tcl"/>
  <File Type="BITSTR-MSK" Name="trashold_full.msk"/>
  <File Type="ROUTE-CLK" Name="trashold_full_clock_utilization_routed.rpt"/>
  <File Type="RDI-RDI" Name="trashold_full.vdi"/>
  <File Type="POSTROUTE-PHYSOPT-BUS-SKEW-PB" Name="trashold_full_bus_skew_postroute_physopted.pb"/>
  <File Type="BG-BIT" Name="trashold_full.bit"/>
  <File Type="BG-DRC" Name="trashold_full.drc"/>
  <File Type="BG-BGN" Name="trashold_full.bgn"/>
  <File Type="BG-BIN" Name="trashold_full.bin"/>
  <File Type="BITSTR-RBT" Name="trashold_full.rbt"/>
  <File Type="BITSTR-NKY" Name="trashold_full.nky"/>
  <File Type="BITSTR-BMM" Name="trashold_full_bd.bmm"/>
  <File Type="BITSTR-MMI" Name="trashold_full.mmi"/>
  <File Type="ROUTE-METHODOLOGY-DRC" Name="trashold_full_methodology_drc_routed.rpt"/>
  <File Type="BITSTR-SYSDEF" Name="trashold_full.sysdef"/>
  <File Type="ROUTE-METHODOLOGY-DRC-PB" Name="trashold_full_methodology_drc_routed.pb"/>
  <File Type="BITSTR-LTX" Name="debug_nets.ltx"/>
  <File Type="BITSTR-LTX" Name="trashold_full.ltx"/>
  <File Type="BOOT-PDI-FILE" Name="trashold_full_boot.pdi"/>
  <File Type="WBT-USG" Name="usage_statistics_webtalk.html"/>
  <File Type="NPI_FILE" Name="trashold_full.npi"/>
  <File Type="OPT-DRC" Name="trashold_full_drc_opted.rpt"/>
  <File Type="RBD_FILE" Name="trashold_full.rbd"/>
  <File Type="OPT-HWDEF" Name="trashold_full.hwdef"/>
  <File Type="PLACE-IO" Name="trashold_full_io_placed.rpt"/>
  <File Type="PLACE-UTIL" Name="trashold_full_utilization_placed.rpt"/>
  <File Type="PLACE-UTIL-PB" Name="trashold_full_utilization_placed.pb"/>
  <File Type="PLACE-CTRL" Name="trashold_full_control_sets_placed.rpt"/>
  <File Type="PLACE-PRE-SIMILARITY" Name="trashold_full_incremental_reuse_pre_placed.rpt"/>
  <File Type="ROUTE-DRC" Name="trashold_full_drc_routed.rpt"/>
  <File Type="ROUTE-DRC-PB" Name="trashold_full_drc_routed.pb"/>
  <File Type="ROUTE-PWR-RPX" Name="trashold_full_power_routed.rpx"/>
  <File Type="ROUTE-STATUS" Name="trashold_full_route_status.rpt"/>
  <File Type="ROUTE-STATUS-PB" Name="trashold_full_route_status.pb"/>
  <File Type="ROUTE-DCP" Name="trashold_full_routed.dcp"/>
  <File Type="ROUTE-ERROR-DCP" Name="trashold_full_routed_error.dcp"/>
  <File Type="ROUTE-BLACKBOX-DCP" Name="trashold_full_routed_bb.dcp"/>
  <File Type="ROUTE-TIMINGSUMMARY" Name="trashold_full_timing_summary_routed.rpt"/>
  <File Type="ROUTE-TIMING-PB" Name="trashold_full_timing_summary_routed.pb"/>
  <File Type="ROUTE-TIMING-RPX" Name="trashold_full_timing_summary_routed.rpx"/>
  <File Type="ROUTE-SIMILARITY" Name="trashold_full_incremental_reuse_routed.rpt"/>
  <File Type="ROUTE-BUS-SKEW" Name="trashold_full_bus_skew_routed.rpt"/>
  <File Type="ROUTE-BUS-SKEW-PB" Name="trashold_full_bus_skew_routed.pb"/>
  <File Type="ROUTE-BUS-SKEW-RPX" Name="trashold_full_bus_skew_routed.rpx"/>
  <File Type="OPT-DCP" Name="trashold_full_opt.dcp"/>
  <File Type="PLACE-DCP" Name="trashold_full_placed.dcp"/>
  <File Type="PWROPT-DCP" Name="trashold_full_pwropt.dcp"/>
  <File Type="POSTPLACE-PWROPT-DCP" Name="trashold_full_postplace_pwropt.dcp"/>
  <File Type="PHYSOPT-DCP" Name="trashold_full_physopt.dcp"/>
  <File Type="POSTROUTE-PHYSOPT-DCP" Name="trashold_full_postroute_physopt.dcp"/>
  <File Type="POSTROUTE-PHYSOPT-BLACKBOX-DCP" Name="trashold_full_postroute_physopt_bb.dcp"/>
  <File Type="POSTROUTE-PHYSOPT-TIMING" Name="trashold_full_timing_summary_postroute_physopted.rpt"/>
  <File Type="POSTROUTE-PHYSOPT-TIMING-PB" Name="trashold_full_timing_summary_postroute_physopted.pb"/>
  <File Type="POSTROUTE-PHYSOPT-TIMING-RPX" Name="trashold_full_timing_summary_postroute_physopted.rpx"/>
  <File Type="POSTROUTE-PHYSOPT-BUS-SKEW" Name="trashold_full_bus_skew_postroute_physopted.rpt"/>
  <File Type="POSTROUTE-PHYSOPT-BUS-SKEW-RPX" Name="trashold_full_bus_skew_postroute_physopted.rpx"/>
  <File Type="ROUTE-DRC-RPX" Name="trashold_full_drc_routed.rpx"/>
  <File Type="ROUTE-METHODOLOGY-DRC-RPX" Name="trashold_full_methodology_drc_routed.rpx"/>
  <File Type="PDI-FILE" Name="trashold_full.pdi"/>
  <File Type="PL-PDI-FILE" Name="trashold_full_pld.pdi"/>
  <File Type="RCFI_FILE" Name="trashold_full.rcfi"/>
  <File Type="CFI_FILE" Name="trashold_full.cfi"/>
  <File Type="RNPI_FILE" Name="trashold_full.rnpi"/>
  <File Type="ROUTE-RQS" Name="trashold_full_routed.rqs"/>
  <File Type="POSTROUTE-PHYSOPT-RQS" Name="trashold_full_postroute_physopted.rqs"/>
  <File Type="ROUTE-RQS-RPT" Name="route_report_qor_suggestions_0.rpt"/>
  <File Type="POSTROUTE-PHYSOPT-RQS-RPT" Name="postroute_physopt_report_qor_suggestions_0.rpt"/>
  <FileSet Name="sources" Type="DesignSrcs" RelSrcDir="$PSRCDIR/sources_1" RelGenDir="$PGENDIR/sources_1">
    <Filter Type="Srcs"/>
    <File Path="$PPRDIR/../trashold_half/trashold_half.srcs/sources_1/new/trashold_half.v">
      <FileInfo>
        <Attr Name="UsedIn" Val="synthesis"/>
        <Attr Name="UsedIn" Val="implementation"/>
        <Attr Name="UsedIn" Val="simulation"/>
      </FileInfo>
    </File>
    <File Path="$PSRCDIR/sources_1/new/trashold_full.v">
      <FileInfo>
        <Attr Name="UsedIn" Val="synthesis"/>
        <Attr Name="UsedIn" Val="implementation"/>
        <Attr Name="UsedIn" Val="simulation"/>
      </FileInfo>
    </File>
    <Config>
      <Option Name="DesignMode" Val="RTL"/>
      <Option Name="TopModule" Val="trashold_full"/>
      <Option Name="TopAutoSet" Val="TRUE"/>
    </Config>
  </FileSet>
  <FileSet Name="constrs_in" Type="Constrs" RelSrcDir="$PSRCDIR/constrs_1" RelGenDir="$PGENDIR/constrs_1">
    <Filter Type="Constrs"/>
    <Config>
      <Option Name="ConstrsType" Val="XDC"/>
    </Config>
  </FileSet>
  <FileSet Name="utils" Type="Utils" RelSrcDir="$PSRCDIR/utils_1" RelGenDir="$PGENDIR/utils_1">
    <Filter Type="Utils"/>
    <Config>
      <Option Name="TopAutoSet" Val="TRUE"/>
    </Config>
  </FileSet>
  <Strategy Version="1" Minor="2">
    <StratHandle Name="Vivado Implementation Defaults" Flow="Vivado Implementation 2023"/>
    <Step Id="init_design"/>
    <Step Id="opt_design"/>
    <Step Id="power_opt_design"/>
    <Step Id="place_design"/>
    <Step Id="post_place_power_opt_design"/>
    <Step Id="phys_opt_design"/>
    <Step Id="route_design"/>
    <Step Id="post_route_phys_opt_design"/>
    <Step Id="write_bitstream"/>
    <Step Id="write_device_image"/>
  </Strategy>
</GenRun>
