<?xml version="1.0" encoding="UTF-8"?>
<GenRun Id="impl_1" LaunchPart="xc7a200tsbv484-3" LaunchTime="1716103817">
  <File Type="ROUTE-PWR" Name="trashold_half_power_routed.rpt"/>
  <File Type="PA-TCL" Name="trashold_half.tcl"/>
  <File Type="ROUTE-PWR-SUM" Name="trashold_half_power_summary_routed.pb"/>
  <File Type="REPORTS-TCL" Name="trashold_half_reports.tcl"/>
  <File Type="OPT-RQA-PB" Name="trashold_half_rqa_opted.pb"/>
  <File Type="BITSTR-MMI" Name="trashold_half.mmi"/>
  <File Type="OPT-METHODOLOGY-DRC" Name="trashold_half_methodology_drc_opted.rpt"/>
  <File Type="INIT-TIMING" Name="trashold_half_timing_summary_init.rpt"/>
  <File Type="OPT-TIMING" Name="trashold_half_timing_summary_opted.rpt"/>
  <File Type="OPT-DCP" Name="trashold_half_opt.dcp"/>
  <File Type="OPT-DRC" Name="trashold_half_drc_opted.rpt"/>
  <File Type="OPT-HWDEF" Name="trashold_half.hwdef"/>
  <File Type="PWROPT-DCP" Name="trashold_half_pwropt.dcp"/>
  <File Type="PWROPT-DRC" Name="trashold_half_drc_pwropted.rpt"/>
  <File Type="PWROPT-TIMING" Name="trashold_half_timing_summary_pwropted.rpt"/>
  <File Type="PLACE-DCP" Name="trashold_half_placed.dcp"/>
  <File Type="PLACE-IO" Name="trashold_half_io_placed.rpt"/>
  <File Type="PLACE-CLK" Name="trashold_half_clock_utilization_placed.rpt"/>
  <File Type="PLACE-UTIL" Name="trashold_half_utilization_placed.rpt"/>
  <File Type="PLACE-UTIL-PB" Name="trashold_half_utilization_placed.pb"/>
  <File Type="PLACE-CTRL" Name="trashold_half_control_sets_placed.rpt"/>
  <File Type="PLACE-SIMILARITY" Name="trashold_half_incremental_reuse_placed.rpt"/>
  <File Type="PLACE-PRE-SIMILARITY" Name="trashold_half_incremental_reuse_pre_placed.rpt"/>
  <File Type="BG-BIN" Name="trashold_half.bin"/>
  <File Type="PLACE-TIMING" Name="trashold_half_timing_summary_placed.rpt"/>
  <File Type="ROUTE-PWR-RPX" Name="trashold_half_power_routed.rpx"/>
  <File Type="PLACE-RQA-PB" Name="trashold_half_rqa_placed.pb"/>
  <File Type="POSTPLACE-PWROPT-DCP" Name="trashold_half_postplace_pwropt.dcp"/>
  <File Type="BITSTR-MSK" Name="trashold_half.msk"/>
  <File Type="POSTPLACE-PWROPT-TIMING" Name="trashold_half_timing_summary_postplace_pwropted.rpt"/>
  <File Type="PHYSOPT-DCP" Name="trashold_half_physopt.dcp"/>
  <File Type="PHYSOPT-DRC" Name="trashold_half_drc_physopted.rpt"/>
  <File Type="BITSTR-RBT" Name="trashold_half.rbt"/>
  <File Type="PHYSOPT-TIMING" Name="trashold_half_timing_summary_physopted.rpt"/>
  <File Type="ROUTE-ERROR-DCP" Name="trashold_half_routed_error.dcp"/>
  <File Type="ROUTE-DCP" Name="trashold_half_routed.dcp"/>
  <File Type="ROUTE-BLACKBOX-DCP" Name="trashold_half_routed_bb.dcp"/>
  <File Type="ROUTE-DRC" Name="trashold_half_drc_routed.rpt"/>
  <File Type="ROUTE-DRC-PB" Name="trashold_half_drc_routed.pb"/>
  <File Type="ROUTE-DRC-RPX" Name="trashold_half_drc_routed.rpx"/>
  <File Type="ROUTE-METHODOLOGY-DRC" Name="trashold_half_methodology_drc_routed.rpt"/>
  <File Type="ROUTE-METHODOLOGY-DRC-RPX" Name="trashold_half_methodology_drc_routed.rpx"/>
  <File Type="ROUTE-METHODOLOGY-DRC-PB" Name="trashold_half_methodology_drc_routed.pb"/>
  <File Type="ROUTE-RQS-PB" Name="trashold_half_rqs_routed.pb"/>
  <File Type="ROUTE-STATUS" Name="trashold_half_route_status.rpt"/>
  <File Type="ROUTE-STATUS-PB" Name="trashold_half_route_status.pb"/>
  <File Type="ROUTE-TIMINGSUMMARY" Name="trashold_half_timing_summary_routed.rpt"/>
  <File Type="ROUTE-TIMING-PB" Name="trashold_half_timing_summary_routed.pb"/>
  <File Type="ROUTE-TIMING-RPX" Name="trashold_half_timing_summary_routed.rpx"/>
  <File Type="ROUTE-SIMILARITY" Name="trashold_half_incremental_reuse_routed.rpt"/>
  <File Type="ROUTE-CLK" Name="trashold_half_clock_utilization_routed.rpt"/>
  <File Type="ROUTE-BUS-SKEW" Name="trashold_half_bus_skew_routed.rpt"/>
  <File Type="ROUTE-BUS-SKEW-PB" Name="trashold_half_bus_skew_routed.pb"/>
  <File Type="ROUTE-BUS-SKEW-RPX" Name="trashold_half_bus_skew_routed.rpx"/>
  <File Type="POSTROUTE-PHYSOPT-DCP" Name="trashold_half_postroute_physopt.dcp"/>
  <File Type="POSTROUTE-PHYSOPT-BLACKBOX-DCP" Name="trashold_half_postroute_physopt_bb.dcp"/>
  <File Type="POSTROUTE-PHYSOPT-TIMING" Name="trashold_half_timing_summary_postroute_physopted.rpt"/>
  <File Type="POSTROUTE-PHYSOPT-TIMING-PB" Name="trashold_half_timing_summary_postroute_physopted.pb"/>
  <File Type="POSTROUTE-PHYSOPT-TIMING-RPX" Name="trashold_half_timing_summary_postroute_physopted.rpx"/>
  <File Type="POSTROUTE-PHYSOPT-BUS-SKEW" Name="trashold_half_bus_skew_postroute_physopted.rpt"/>
  <File Type="BG-BIT" Name="trashold_half.bit"/>
  <File Type="POSTROUTE-PHYSOPT-BUS-SKEW-PB" Name="trashold_half_bus_skew_postroute_physopted.pb"/>
  <File Type="POSTROUTE-PHYSOPT-BUS-SKEW-RPX" Name="trashold_half_bus_skew_postroute_physopted.rpx"/>
  <File Type="BITSTR-NKY" Name="trashold_half.nky"/>
  <File Type="BITSTR-BMM" Name="trashold_half_bd.bmm"/>
  <File Type="PDI-FILE" Name="trashold_half.pdi"/>
  <File Type="BOOT-PDI-FILE" Name="trashold_half_boot.pdi"/>
  <File Type="PL-PDI-FILE" Name="trashold_half_pld.pdi"/>
  <File Type="RCFI_FILE" Name="trashold_half.rcfi"/>
  <File Type="CFI_FILE" Name="trashold_half.cfi"/>
  <File Type="RNPI_FILE" Name="trashold_half.rnpi"/>
  <File Type="NPI_FILE" Name="trashold_half.npi"/>
  <File Type="RBD_FILE" Name="trashold_half.rbd"/>
  <File Type="BITSTR-LTX" Name="debug_nets.ltx"/>
  <File Type="BITSTR-LTX" Name="trashold_half.ltx"/>
  <File Type="BITSTR-SYSDEF" Name="trashold_half.sysdef"/>
  <File Type="BG-BGN" Name="trashold_half.bgn"/>
  <File Type="BG-DRC" Name="trashold_half.drc"/>
  <File Type="RDI-RDI" Name="trashold_half.vdi"/>
  <File Type="WBT-USG" Name="usage_statistics_webtalk.html"/>
  <File Type="ROUTE-RQS" Name="trashold_half_routed.rqs"/>
  <File Type="POSTROUTE-PHYSOPT-RQS" Name="trashold_half_postroute_physopted.rqs"/>
  <File Type="ROUTE-RQS-RPT" Name="route_report_qor_suggestions_0.rpt"/>
  <File Type="POSTROUTE-PHYSOPT-RQS-RPT" Name="postroute_physopt_report_qor_suggestions_0.rpt"/>
  <FileSet Name="sources" Type="DesignSrcs" RelSrcDir="$PSRCDIR/sources_1" RelGenDir="$PGENDIR/sources_1">
    <Filter Type="Srcs"/>
    <File Path="$PSRCDIR/sources_1/new/trashold_half.v">
      <FileInfo>
        <Attr Name="UsedIn" Val="synthesis"/>
        <Attr Name="UsedIn" Val="implementation"/>
        <Attr Name="UsedIn" Val="simulation"/>
      </FileInfo>
    </File>
    <Config>
      <Option Name="DesignMode" Val="RTL"/>
      <Option Name="TopModule" Val="trashold_half"/>
      <Option Name="TopAutoSet" Val="TRUE"/>
    </Config>
  </FileSet>
  <FileSet Name="constrs_in" Type="Constrs" RelSrcDir="$PSRCDIR/constrs_1" RelGenDir="$PGENDIR/constrs_1">
    <Filter Type="Constrs"/>
    <Config>
      <Option Name="ConstrsType" Val="XDC"/>
    </Config>
  </FileSet>
  <FileSet Name="utils" Type="Utils" RelSrcDir="$PSRCDIR/utils_1" RelGenDir="$PGENDIR/utils_1">
    <Filter Type="Utils"/>
    <Config>
      <Option Name="TopAutoSet" Val="TRUE"/>
    </Config>
  </FileSet>
  <Strategy Version="1" Minor="2">
    <StratHandle Name="Vivado Implementation Defaults" Flow="Vivado Implementation 2023">
      <Desc>Default settings for Implementation.</Desc>
    </StratHandle>
    <Step Id="init_design"/>
    <Step Id="opt_design"/>
    <Step Id="power_opt_design"/>
    <Step Id="place_design"/>
    <Step Id="post_place_power_opt_design"/>
    <Step Id="phys_opt_design"/>
    <Step Id="route_design"/>
    <Step Id="post_route_phys_opt_design"/>
    <Step Id="write_bitstream"/>
  </Strategy>
</GenRun>
