<?xml version="1.0" encoding="UTF-8"?>
<GenRun Id="impl_1" LaunchPart="xc7a200tsbv484-3" LaunchTime="1718613494">
  <File Type="ROUTE-PWR" Name="tfs_16_power_routed.rpt"/>
  <File Type="PA-TCL" Name="tfs_16.tcl"/>
  <File Type="ROUTE-PWR-SUM" Name="tfs_16_power_summary_routed.pb"/>
  <File Type="REPORTS-TCL" Name="tfs_16_reports.tcl"/>
  <File Type="OPT-RQA-PB" Name="tfs_16_rqa_opted.pb"/>
  <File Type="BITSTR-MMI" Name="tfs_16.mmi"/>
  <File Type="OPT-METHODOLOGY-DRC" Name="tfs_16_methodology_drc_opted.rpt"/>
  <File Type="INIT-TIMING" Name="tfs_16_timing_summary_init.rpt"/>
  <File Type="OPT-TIMING" Name="tfs_16_timing_summary_opted.rpt"/>
  <File Type="OPT-DCP" Name="tfs_16_opt.dcp"/>
  <File Type="OPT-DRC" Name="tfs_16_drc_opted.rpt"/>
  <File Type="OPT-HWDEF" Name="tfs_16.hwdef"/>
  <File Type="PWROPT-DCP" Name="tfs_16_pwropt.dcp"/>
  <File Type="PWROPT-DRC" Name="tfs_16_drc_pwropted.rpt"/>
  <File Type="PWROPT-TIMING" Name="tfs_16_timing_summary_pwropted.rpt"/>
  <File Type="PLACE-DCP" Name="tfs_16_placed.dcp"/>
  <File Type="PLACE-IO" Name="tfs_16_io_placed.rpt"/>
  <File Type="PLACE-CLK" Name="tfs_16_clock_utilization_placed.rpt"/>
  <File Type="PLACE-UTIL" Name="tfs_16_utilization_placed.rpt"/>
  <File Type="PLACE-UTIL-PB" Name="tfs_16_utilization_placed.pb"/>
  <File Type="PLACE-CTRL" Name="tfs_16_control_sets_placed.rpt"/>
  <File Type="PLACE-SIMILARITY" Name="tfs_16_incremental_reuse_placed.rpt"/>
  <File Type="PLACE-PRE-SIMILARITY" Name="tfs_16_incremental_reuse_pre_placed.rpt"/>
  <File Type="BG-BIN" Name="tfs_16.bin"/>
  <File Type="PLACE-TIMING" Name="tfs_16_timing_summary_placed.rpt"/>
  <File Type="ROUTE-PWR-RPX" Name="tfs_16_power_routed.rpx"/>
  <File Type="PLACE-RQA-PB" Name="tfs_16_rqa_placed.pb"/>
  <File Type="POSTPLACE-PWROPT-DCP" Name="tfs_16_postplace_pwropt.dcp"/>
  <File Type="BITSTR-MSK" Name="tfs_16.msk"/>
  <File Type="POSTPLACE-PWROPT-TIMING" Name="tfs_16_timing_summary_postplace_pwropted.rpt"/>
  <File Type="PHYSOPT-DCP" Name="tfs_16_physopt.dcp"/>
  <File Type="PHYSOPT-DRC" Name="tfs_16_drc_physopted.rpt"/>
  <File Type="BITSTR-RBT" Name="tfs_16.rbt"/>
  <File Type="PHYSOPT-TIMING" Name="tfs_16_timing_summary_physopted.rpt"/>
  <File Type="ROUTE-ERROR-DCP" Name="tfs_16_routed_error.dcp"/>
  <File Type="ROUTE-DCP" Name="tfs_16_routed.dcp"/>
  <File Type="ROUTE-BLACKBOX-DCP" Name="tfs_16_routed_bb.dcp"/>
  <File Type="ROUTE-DRC" Name="tfs_16_drc_routed.rpt"/>
  <File Type="ROUTE-DRC-PB" Name="tfs_16_drc_routed.pb"/>
  <File Type="ROUTE-DRC-RPX" Name="tfs_16_drc_routed.rpx"/>
  <File Type="ROUTE-METHODOLOGY-DRC" Name="tfs_16_methodology_drc_routed.rpt"/>
  <File Type="ROUTE-METHODOLOGY-DRC-RPX" Name="tfs_16_methodology_drc_routed.rpx"/>
  <File Type="ROUTE-METHODOLOGY-DRC-PB" Name="tfs_16_methodology_drc_routed.pb"/>
  <File Type="ROUTE-RQS-PB" Name="tfs_16_rqs_routed.pb"/>
  <File Type="ROUTE-STATUS" Name="tfs_16_route_status.rpt"/>
  <File Type="ROUTE-STATUS-PB" Name="tfs_16_route_status.pb"/>
  <File Type="ROUTE-TIMINGSUMMARY" Name="tfs_16_timing_summary_routed.rpt"/>
  <File Type="ROUTE-TIMING-PB" Name="tfs_16_timing_summary_routed.pb"/>
  <File Type="ROUTE-TIMING-RPX" Name="tfs_16_timing_summary_routed.rpx"/>
  <File Type="ROUTE-SIMILARITY" Name="tfs_16_incremental_reuse_routed.rpt"/>
  <File Type="ROUTE-CLK" Name="tfs_16_clock_utilization_routed.rpt"/>
  <File Type="ROUTE-BUS-SKEW" Name="tfs_16_bus_skew_routed.rpt"/>
  <File Type="ROUTE-BUS-SKEW-PB" Name="tfs_16_bus_skew_routed.pb"/>
  <File Type="ROUTE-BUS-SKEW-RPX" Name="tfs_16_bus_skew_routed.rpx"/>
  <File Type="POSTROUTE-PHYSOPT-DCP" Name="tfs_16_postroute_physopt.dcp"/>
  <File Type="POSTROUTE-PHYSOPT-BLACKBOX-DCP" Name="tfs_16_postroute_physopt_bb.dcp"/>
  <File Type="POSTROUTE-PHYSOPT-TIMING" Name="tfs_16_timing_summary_postroute_physopted.rpt"/>
  <File Type="POSTROUTE-PHYSOPT-TIMING-PB" Name="tfs_16_timing_summary_postroute_physopted.pb"/>
  <File Type="POSTROUTE-PHYSOPT-TIMING-RPX" Name="tfs_16_timing_summary_postroute_physopted.rpx"/>
  <File Type="POSTROUTE-PHYSOPT-BUS-SKEW" Name="tfs_16_bus_skew_postroute_physopted.rpt"/>
  <File Type="BG-BIT" Name="tfs_16.bit"/>
  <File Type="POSTROUTE-PHYSOPT-BUS-SKEW-PB" Name="tfs_16_bus_skew_postroute_physopted.pb"/>
  <File Type="POSTROUTE-PHYSOPT-BUS-SKEW-RPX" Name="tfs_16_bus_skew_postroute_physopted.rpx"/>
  <File Type="BITSTR-NKY" Name="tfs_16.nky"/>
  <File Type="BITSTR-BMM" Name="tfs_16_bd.bmm"/>
  <File Type="PDI-FILE" Name="tfs_16.pdi"/>
  <File Type="BOOT-PDI-FILE" Name="tfs_16_boot.pdi"/>
  <File Type="PL-PDI-FILE" Name="tfs_16_pld.pdi"/>
  <File Type="RCFI_FILE" Name="tfs_16.rcfi"/>
  <File Type="CFI_FILE" Name="tfs_16.cfi"/>
  <File Type="RNPI_FILE" Name="tfs_16.rnpi"/>
  <File Type="NPI_FILE" Name="tfs_16.npi"/>
  <File Type="RBD_FILE" Name="tfs_16.rbd"/>
  <File Type="BITSTR-LTX" Name="debug_nets.ltx"/>
  <File Type="BITSTR-LTX" Name="tfs_16.ltx"/>
  <File Type="BITSTR-SYSDEF" Name="tfs_16.sysdef"/>
  <File Type="BG-BGN" Name="tfs_16.bgn"/>
  <File Type="BG-DRC" Name="tfs_16.drc"/>
  <File Type="RDI-RDI" Name="tfs_16.vdi"/>
  <File Type="WBT-USG" Name="usage_statistics_webtalk.html"/>
  <File Type="ROUTE-RQS" Name="tfs_16_routed.rqs"/>
  <File Type="POSTROUTE-PHYSOPT-RQS" Name="tfs_16_postroute_physopted.rqs"/>
  <File Type="ROUTE-RQS-RPT" Name="route_report_qor_suggestions_0.rpt"/>
  <File Type="POSTROUTE-PHYSOPT-RQS-RPT" Name="postroute_physopt_report_qor_suggestions_0.rpt"/>
  <FileSet Name="sources" Type="DesignSrcs" RelSrcDir="$PSRCDIR/sources_1" RelGenDir="$PGENDIR/sources_1">
    <Filter Type="Srcs"/>
    <File Path="$PPRDIR/../trashold_sfull/trashold_sfull.srcs/sources_1/new/trashold_sfull.v">
      <FileInfo>
        <Attr Name="UsedIn" Val="synthesis"/>
        <Attr Name="UsedIn" Val="implementation"/>
        <Attr Name="UsedIn" Val="simulation"/>
      </FileInfo>
    </File>
    <File Path="$PPRDIR/../trashold_shalf/trashold_shalf.srcs/sources_1/new/trashold_shalf.v">
      <FileInfo>
        <Attr Name="UsedIn" Val="synthesis"/>
        <Attr Name="UsedIn" Val="implementation"/>
        <Attr Name="UsedIn" Val="simulation"/>
      </FileInfo>
    </File>
    <File Path="$PSRCDIR/sources_1/new/tfs_16.v">
      <FileInfo>
        <Attr Name="UsedIn" Val="synthesis"/>
        <Attr Name="UsedIn" Val="implementation"/>
        <Attr Name="UsedIn" Val="simulation"/>
      </FileInfo>
    </File>
    <Config>
      <Option Name="DesignMode" Val="RTL"/>
      <Option Name="TopModule" Val="tfs_16"/>
      <Option Name="TopAutoSet" Val="TRUE"/>
    </Config>
  </FileSet>
  <FileSet Name="constrs_in" Type="Constrs" RelSrcDir="$PSRCDIR/constrs_1" RelGenDir="$PGENDIR/constrs_1">
    <Filter Type="Constrs"/>
    <Config>
      <Option Name="ConstrsType" Val="XDC"/>
    </Config>
  </FileSet>
  <FileSet Name="utils" Type="Utils" RelSrcDir="$PSRCDIR/utils_1" RelGenDir="$PGENDIR/utils_1">
    <Filter Type="Utils"/>
    <Config>
      <Option Name="TopAutoSet" Val="TRUE"/>
    </Config>
  </FileSet>
  <Strategy Version="1" Minor="2">
    <StratHandle Name="Vivado Implementation Defaults" Flow="Vivado Implementation 2023">
      <Desc>Default settings for Implementation.</Desc>
    </StratHandle>
    <Step Id="init_design"/>
    <Step Id="opt_design"/>
    <Step Id="power_opt_design"/>
    <Step Id="place_design"/>
    <Step Id="post_place_power_opt_design"/>
    <Step Id="phys_opt_design"/>
    <Step Id="route_design"/>
    <Step Id="post_route_phys_opt_design"/>
    <Step Id="write_bitstream"/>
  </Strategy>
</GenRun>
