<?xml version="1.0" encoding="UTF-8"?>
<GenRun Id="impl_1" LaunchPart="xc7a200tsbv484-3" LaunchTime="1716358562">
  <File Type="ROUTE-PWR" Name="trashold_sfull_power_routed.rpt"/>
  <File Type="PA-TCL" Name="trashold_sfull.tcl"/>
  <File Type="ROUTE-PWR-SUM" Name="trashold_sfull_power_summary_routed.pb"/>
  <File Type="REPORTS-TCL" Name="trashold_sfull_reports.tcl"/>
  <File Type="BITSTR-MSK" Name="trashold_sfull.msk"/>
  <File Type="ROUTE-CLK" Name="trashold_sfull_clock_utilization_routed.rpt"/>
  <File Type="RDI-RDI" Name="trashold_sfull.vdi"/>
  <File Type="POSTROUTE-PHYSOPT-BUS-SKEW-PB" Name="trashold_sfull_bus_skew_postroute_physopted.pb"/>
  <File Type="BG-BIT" Name="trashold_sfull.bit"/>
  <File Type="BG-DRC" Name="trashold_sfull.drc"/>
  <File Type="BG-BGN" Name="trashold_sfull.bgn"/>
  <File Type="BG-BIN" Name="trashold_sfull.bin"/>
  <File Type="BITSTR-RBT" Name="trashold_sfull.rbt"/>
  <File Type="BITSTR-NKY" Name="trashold_sfull.nky"/>
  <File Type="BITSTR-BMM" Name="trashold_sfull_bd.bmm"/>
  <File Type="BITSTR-MMI" Name="trashold_sfull.mmi"/>
  <File Type="ROUTE-METHODOLOGY-DRC" Name="trashold_sfull_methodology_drc_routed.rpt"/>
  <File Type="BITSTR-SYSDEF" Name="trashold_sfull.sysdef"/>
  <File Type="ROUTE-METHODOLOGY-DRC-PB" Name="trashold_sfull_methodology_drc_routed.pb"/>
  <File Type="BITSTR-LTX" Name="debug_nets.ltx"/>
  <File Type="BITSTR-LTX" Name="trashold_sfull.ltx"/>
  <File Type="BOOT-PDI-FILE" Name="trashold_sfull_boot.pdi"/>
  <File Type="WBT-USG" Name="usage_statistics_webtalk.html"/>
  <File Type="NPI_FILE" Name="trashold_sfull.npi"/>
  <File Type="OPT-DRC" Name="trashold_sfull_drc_opted.rpt"/>
  <File Type="RBD_FILE" Name="trashold_sfull.rbd"/>
  <File Type="OPT-HWDEF" Name="trashold_sfull.hwdef"/>
  <File Type="PLACE-IO" Name="trashold_sfull_io_placed.rpt"/>
  <File Type="PLACE-UTIL" Name="trashold_sfull_utilization_placed.rpt"/>
  <File Type="PLACE-UTIL-PB" Name="trashold_sfull_utilization_placed.pb"/>
  <File Type="PLACE-CTRL" Name="trashold_sfull_control_sets_placed.rpt"/>
  <File Type="PLACE-PRE-SIMILARITY" Name="trashold_sfull_incremental_reuse_pre_placed.rpt"/>
  <File Type="ROUTE-DRC" Name="trashold_sfull_drc_routed.rpt"/>
  <File Type="ROUTE-DRC-PB" Name="trashold_sfull_drc_routed.pb"/>
  <File Type="ROUTE-PWR-RPX" Name="trashold_sfull_power_routed.rpx"/>
  <File Type="ROUTE-STATUS" Name="trashold_sfull_route_status.rpt"/>
  <File Type="ROUTE-STATUS-PB" Name="trashold_sfull_route_status.pb"/>
  <File Type="ROUTE-DCP" Name="trashold_sfull_routed.dcp"/>
  <File Type="ROUTE-ERROR-DCP" Name="trashold_sfull_routed_error.dcp"/>
  <File Type="ROUTE-BLACKBOX-DCP" Name="trashold_sfull_routed_bb.dcp"/>
  <File Type="ROUTE-TIMINGSUMMARY" Name="trashold_sfull_timing_summary_routed.rpt"/>
  <File Type="ROUTE-TIMING-PB" Name="trashold_sfull_timing_summary_routed.pb"/>
  <File Type="ROUTE-TIMING-RPX" Name="trashold_sfull_timing_summary_routed.rpx"/>
  <File Type="ROUTE-SIMILARITY" Name="trashold_sfull_incremental_reuse_routed.rpt"/>
  <File Type="ROUTE-BUS-SKEW" Name="trashold_sfull_bus_skew_routed.rpt"/>
  <File Type="ROUTE-BUS-SKEW-PB" Name="trashold_sfull_bus_skew_routed.pb"/>
  <File Type="ROUTE-BUS-SKEW-RPX" Name="trashold_sfull_bus_skew_routed.rpx"/>
  <File Type="OPT-DCP" Name="trashold_sfull_opt.dcp"/>
  <File Type="PLACE-DCP" Name="trashold_sfull_placed.dcp"/>
  <File Type="PWROPT-DCP" Name="trashold_sfull_pwropt.dcp"/>
  <File Type="POSTPLACE-PWROPT-DCP" Name="trashold_sfull_postplace_pwropt.dcp"/>
  <File Type="PHYSOPT-DCP" Name="trashold_sfull_physopt.dcp"/>
  <File Type="POSTROUTE-PHYSOPT-DCP" Name="trashold_sfull_postroute_physopt.dcp"/>
  <File Type="POSTROUTE-PHYSOPT-BLACKBOX-DCP" Name="trashold_sfull_postroute_physopt_bb.dcp"/>
  <File Type="POSTROUTE-PHYSOPT-TIMING" Name="trashold_sfull_timing_summary_postroute_physopted.rpt"/>
  <File Type="POSTROUTE-PHYSOPT-TIMING-PB" Name="trashold_sfull_timing_summary_postroute_physopted.pb"/>
  <File Type="POSTROUTE-PHYSOPT-TIMING-RPX" Name="trashold_sfull_timing_summary_postroute_physopted.rpx"/>
  <File Type="POSTROUTE-PHYSOPT-BUS-SKEW" Name="trashold_sfull_bus_skew_postroute_physopted.rpt"/>
  <File Type="POSTROUTE-PHYSOPT-BUS-SKEW-RPX" Name="trashold_sfull_bus_skew_postroute_physopted.rpx"/>
  <File Type="ROUTE-DRC-RPX" Name="trashold_sfull_drc_routed.rpx"/>
  <File Type="ROUTE-METHODOLOGY-DRC-RPX" Name="trashold_sfull_methodology_drc_routed.rpx"/>
  <File Type="PDI-FILE" Name="trashold_sfull.pdi"/>
  <File Type="PL-PDI-FILE" Name="trashold_sfull_pld.pdi"/>
  <File Type="RCFI_FILE" Name="trashold_sfull.rcfi"/>
  <File Type="CFI_FILE" Name="trashold_sfull.cfi"/>
  <File Type="RNPI_FILE" Name="trashold_sfull.rnpi"/>
  <File Type="ROUTE-RQS" Name="trashold_sfull_routed.rqs"/>
  <File Type="POSTROUTE-PHYSOPT-RQS" Name="trashold_sfull_postroute_physopted.rqs"/>
  <File Type="ROUTE-RQS-RPT" Name="route_report_qor_suggestions_0.rpt"/>
  <File Type="POSTROUTE-PHYSOPT-RQS-RPT" Name="postroute_physopt_report_qor_suggestions_0.rpt"/>
  <FileSet Name="sources" Type="DesignSrcs" RelSrcDir="$PSRCDIR/sources_1" RelGenDir="$PGENDIR/sources_1">
    <Filter Type="Srcs"/>
    <File Path="$PPRDIR/../trashold_shalf/trashold_shalf.srcs/sources_1/new/trashold_shalf.v">
      <FileInfo>
        <Attr Name="UsedIn" Val="synthesis"/>
        <Attr Name="UsedIn" Val="implementation"/>
        <Attr Name="UsedIn" Val="simulation"/>
      </FileInfo>
    </File>
    <File Path="$PSRCDIR/sources_1/new/trashold_sfull.v">
      <FileInfo>
        <Attr Name="UsedIn" Val="synthesis"/>
        <Attr Name="UsedIn" Val="implementation"/>
        <Attr Name="UsedIn" Val="simulation"/>
      </FileInfo>
    </File>
    <Config>
      <Option Name="DesignMode" Val="RTL"/>
      <Option Name="TopModule" Val="trashold_sfull"/>
      <Option Name="TopAutoSet" Val="TRUE"/>
    </Config>
  </FileSet>
  <FileSet Name="constrs_in" Type="Constrs" RelSrcDir="$PSRCDIR/constrs_1" RelGenDir="$PGENDIR/constrs_1">
    <Filter Type="Constrs"/>
    <File Path="$PSRCDIR/constrs_1/new/clk.xdc">
      <FileInfo>
        <Attr Name="UsedIn" Val="synthesis"/>
        <Attr Name="UsedIn" Val="implementation"/>
      </FileInfo>
    </File>
    <Config>
      <Option Name="ConstrsType" Val="XDC"/>
    </Config>
  </FileSet>
  <FileSet Name="utils" Type="Utils" RelSrcDir="$PSRCDIR/utils_1" RelGenDir="$PGENDIR/utils_1">
    <Filter Type="Utils"/>
    <File Path="$PSRCDIR/utils_1/imports/synth_1/trashold_sfull.dcp">
      <FileInfo>
        <Attr Name="UsedIn" Val="synthesis"/>
        <Attr Name="UsedIn" Val="implementation"/>
        <Attr Name="UsedInSteps" Val="synth_1"/>
        <Attr Name="AutoDcp" Val="1"/>
      </FileInfo>
    </File>
    <Config>
      <Option Name="TopAutoSet" Val="TRUE"/>
    </Config>
  </FileSet>
  <Strategy Version="1" Minor="2">
    <StratHandle Name="Vivado Implementation Defaults" Flow="Vivado Implementation 2023"/>
    <Step Id="init_design"/>
    <Step Id="opt_design"/>
    <Step Id="power_opt_design"/>
    <Step Id="place_design"/>
    <Step Id="post_place_power_opt_design"/>
    <Step Id="phys_opt_design"/>
    <Step Id="route_design"/>
    <Step Id="post_route_phys_opt_design"/>
    <Step Id="write_bitstream"/>
    <Step Id="write_device_image"/>
  </Strategy>
</GenRun>
