<?xml version="1.0" encoding="UTF-8"?>
<GenRun Id="impl_1" LaunchPart="xc7a200tsbv484-3" LaunchTime="1718611516">
  <File Type="ROUTE-PWR" Name="tfa_16_power_routed.rpt"/>
  <File Type="PA-TCL" Name="tfa_16.tcl"/>
  <File Type="ROUTE-PWR-SUM" Name="tfa_16_power_summary_routed.pb"/>
  <File Type="REPORTS-TCL" Name="tfa_16_reports.tcl"/>
  <File Type="BITSTR-MSK" Name="tfa_16.msk"/>
  <File Type="ROUTE-CLK" Name="tfa_16_clock_utilization_routed.rpt"/>
  <File Type="RDI-RDI" Name="tfa_16.vdi"/>
  <File Type="POSTROUTE-PHYSOPT-BUS-SKEW-PB" Name="tfa_16_bus_skew_postroute_physopted.pb"/>
  <File Type="BG-BIT" Name="tfa_16.bit"/>
  <File Type="BG-DRC" Name="tfa_16.drc"/>
  <File Type="BG-BGN" Name="tfa_16.bgn"/>
  <File Type="BG-BIN" Name="tfa_16.bin"/>
  <File Type="BITSTR-RBT" Name="tfa_16.rbt"/>
  <File Type="BITSTR-NKY" Name="tfa_16.nky"/>
  <File Type="BITSTR-BMM" Name="tfa_16_bd.bmm"/>
  <File Type="BITSTR-MMI" Name="tfa_16.mmi"/>
  <File Type="ROUTE-METHODOLOGY-DRC" Name="tfa_16_methodology_drc_routed.rpt"/>
  <File Type="BITSTR-SYSDEF" Name="tfa_16.sysdef"/>
  <File Type="ROUTE-METHODOLOGY-DRC-PB" Name="tfa_16_methodology_drc_routed.pb"/>
  <File Type="BITSTR-LTX" Name="debug_nets.ltx"/>
  <File Type="BITSTR-LTX" Name="tfa_16.ltx"/>
  <File Type="BOOT-PDI-FILE" Name="tfa_16_boot.pdi"/>
  <File Type="WBT-USG" Name="usage_statistics_webtalk.html"/>
  <File Type="NPI_FILE" Name="tfa_16.npi"/>
  <File Type="OPT-DRC" Name="tfa_16_drc_opted.rpt"/>
  <File Type="RBD_FILE" Name="tfa_16.rbd"/>
  <File Type="OPT-HWDEF" Name="tfa_16.hwdef"/>
  <File Type="PLACE-IO" Name="tfa_16_io_placed.rpt"/>
  <File Type="PLACE-UTIL" Name="tfa_16_utilization_placed.rpt"/>
  <File Type="PLACE-UTIL-PB" Name="tfa_16_utilization_placed.pb"/>
  <File Type="PLACE-CTRL" Name="tfa_16_control_sets_placed.rpt"/>
  <File Type="PLACE-PRE-SIMILARITY" Name="tfa_16_incremental_reuse_pre_placed.rpt"/>
  <File Type="ROUTE-DRC" Name="tfa_16_drc_routed.rpt"/>
  <File Type="ROUTE-DRC-PB" Name="tfa_16_drc_routed.pb"/>
  <File Type="ROUTE-PWR-RPX" Name="tfa_16_power_routed.rpx"/>
  <File Type="ROUTE-STATUS" Name="tfa_16_route_status.rpt"/>
  <File Type="ROUTE-STATUS-PB" Name="tfa_16_route_status.pb"/>
  <File Type="ROUTE-DCP" Name="tfa_16_routed.dcp"/>
  <File Type="ROUTE-ERROR-DCP" Name="tfa_16_routed_error.dcp"/>
  <File Type="ROUTE-BLACKBOX-DCP" Name="tfa_16_routed_bb.dcp"/>
  <File Type="ROUTE-TIMINGSUMMARY" Name="tfa_16_timing_summary_routed.rpt"/>
  <File Type="ROUTE-TIMING-PB" Name="tfa_16_timing_summary_routed.pb"/>
  <File Type="ROUTE-TIMING-RPX" Name="tfa_16_timing_summary_routed.rpx"/>
  <File Type="ROUTE-SIMILARITY" Name="tfa_16_incremental_reuse_routed.rpt"/>
  <File Type="ROUTE-BUS-SKEW" Name="tfa_16_bus_skew_routed.rpt"/>
  <File Type="ROUTE-BUS-SKEW-PB" Name="tfa_16_bus_skew_routed.pb"/>
  <File Type="ROUTE-BUS-SKEW-RPX" Name="tfa_16_bus_skew_routed.rpx"/>
  <File Type="OPT-DCP" Name="tfa_16_opt.dcp"/>
  <File Type="PLACE-DCP" Name="tfa_16_placed.dcp"/>
  <File Type="PWROPT-DCP" Name="tfa_16_pwropt.dcp"/>
  <File Type="POSTPLACE-PWROPT-DCP" Name="tfa_16_postplace_pwropt.dcp"/>
  <File Type="PHYSOPT-DCP" Name="tfa_16_physopt.dcp"/>
  <File Type="POSTROUTE-PHYSOPT-DCP" Name="tfa_16_postroute_physopt.dcp"/>
  <File Type="POSTROUTE-PHYSOPT-BLACKBOX-DCP" Name="tfa_16_postroute_physopt_bb.dcp"/>
  <File Type="POSTROUTE-PHYSOPT-TIMING" Name="tfa_16_timing_summary_postroute_physopted.rpt"/>
  <File Type="POSTROUTE-PHYSOPT-TIMING-PB" Name="tfa_16_timing_summary_postroute_physopted.pb"/>
  <File Type="POSTROUTE-PHYSOPT-TIMING-RPX" Name="tfa_16_timing_summary_postroute_physopted.rpx"/>
  <File Type="POSTROUTE-PHYSOPT-BUS-SKEW" Name="tfa_16_bus_skew_postroute_physopted.rpt"/>
  <File Type="POSTROUTE-PHYSOPT-BUS-SKEW-RPX" Name="tfa_16_bus_skew_postroute_physopted.rpx"/>
  <File Type="ROUTE-DRC-RPX" Name="tfa_16_drc_routed.rpx"/>
  <File Type="ROUTE-METHODOLOGY-DRC-RPX" Name="tfa_16_methodology_drc_routed.rpx"/>
  <File Type="PDI-FILE" Name="tfa_16.pdi"/>
  <File Type="PL-PDI-FILE" Name="tfa_16_pld.pdi"/>
  <File Type="RCFI_FILE" Name="tfa_16.rcfi"/>
  <File Type="CFI_FILE" Name="tfa_16.cfi"/>
  <File Type="RNPI_FILE" Name="tfa_16.rnpi"/>
  <File Type="ROUTE-RQS" Name="tfa_16_routed.rqs"/>
  <File Type="POSTROUTE-PHYSOPT-RQS" Name="tfa_16_postroute_physopted.rqs"/>
  <File Type="ROUTE-RQS-RPT" Name="route_report_qor_suggestions_0.rpt"/>
  <File Type="POSTROUTE-PHYSOPT-RQS-RPT" Name="postroute_physopt_report_qor_suggestions_0.rpt"/>
  <FileSet Name="sources" Type="DesignSrcs" RelSrcDir="$PSRCDIR/sources_1" RelGenDir="$PGENDIR/sources_1">
    <Filter Type="Srcs"/>
    <File Path="$PPRDIR/../trashold_full/trashold_full.srcs/sources_1/new/trashold_full.v">
      <FileInfo>
        <Attr Name="UsedIn" Val="synthesis"/>
        <Attr Name="UsedIn" Val="implementation"/>
        <Attr Name="UsedIn" Val="simulation"/>
      </FileInfo>
    </File>
    <File Path="$PPRDIR/../trashold_half/trashold_half.srcs/sources_1/new/trashold_half.v">
      <FileInfo>
        <Attr Name="UsedIn" Val="synthesis"/>
        <Attr Name="UsedIn" Val="implementation"/>
        <Attr Name="UsedIn" Val="simulation"/>
      </FileInfo>
    </File>
    <File Path="$PSRCDIR/sources_1/new/tfa_16.v">
      <FileInfo>
        <Attr Name="UsedIn" Val="synthesis"/>
        <Attr Name="UsedIn" Val="implementation"/>
        <Attr Name="UsedIn" Val="simulation"/>
      </FileInfo>
    </File>
    <Config>
      <Option Name="DesignMode" Val="RTL"/>
      <Option Name="TopModule" Val="tfa_16"/>
      <Option Name="TopAutoSet" Val="TRUE"/>
    </Config>
  </FileSet>
  <FileSet Name="constrs_in" Type="Constrs" RelSrcDir="$PSRCDIR/constrs_1" RelGenDir="$PGENDIR/constrs_1">
    <Filter Type="Constrs"/>
    <Config>
      <Option Name="ConstrsType" Val="XDC"/>
    </Config>
  </FileSet>
  <FileSet Name="utils" Type="Utils" RelSrcDir="$PSRCDIR/utils_1" RelGenDir="$PGENDIR/utils_1">
    <Filter Type="Utils"/>
    <Config>
      <Option Name="TopAutoSet" Val="TRUE"/>
    </Config>
  </FileSet>
  <Strategy Version="1" Minor="2">
    <StratHandle Name="Vivado Implementation Defaults" Flow="Vivado Implementation 2023"/>
    <Step Id="init_design"/>
    <Step Id="opt_design"/>
    <Step Id="power_opt_design"/>
    <Step Id="place_design"/>
    <Step Id="post_place_power_opt_design"/>
    <Step Id="phys_opt_design"/>
    <Step Id="route_design"/>
    <Step Id="post_route_phys_opt_design"/>
    <Step Id="write_bitstream"/>
    <Step Id="write_device_image"/>
  </Strategy>
</GenRun>
